-- phpMyAdmin SQL Dump
-- version 3.3.3
-- http://www.phpmyadmin.net
--
-- 主机: localhost
-- 生成日期: 2013 年 03 月 29 日 01:30
-- 服务器版本: 5.1.46
-- PHP 版本: 5.3.2

SET SQL_MODE="NO_AUTO_VALUE_ON_ZERO";


/*!40101 SET @OLD_CHARACTER_SET_CLIENT=@@CHARACTER_SET_CLIENT */;
/*!40101 SET @OLD_CHARACTER_SET_RESULTS=@@CHARACTER_SET_RESULTS */;
/*!40101 SET @OLD_COLLATION_CONNECTION=@@COLLATION_CONNECTION */;
/*!40101 SET NAMES utf8 */;

--
-- 数据库: `kxo131rockroll`
--

-- --------------------------------------------------------

--
-- 表的结构 `album`
--

CREATE TABLE IF NOT EXISTS `album` (
  `album_id` int(2) NOT NULL,
  `title` char(50) DEFAULT NULL,
  `artist_id` int(2) DEFAULT NULL,
  `label` char(25) DEFAULT NULL,
  `year` int(4) DEFAULT NULL,
  PRIMARY KEY (`album_id`),
  KEY `artist_id` (`artist_id`)
) ENGINE=MyISAM DEFAULT CHARSET=latin1;

--
-- 转存表中的数据 `album`
--

INSERT INTO `album` (`album_id`, `title`, `artist_id`, `label`, `year`) VALUES
(1, 'Its Only Rock''n''Roll', 4, 'Rolling Stone', 1974),
(2, 'Let It Bleed', 4, 'Decca', 1969),
(3, 'Exile on Main Street', 4, 'Rolling Stone', 1972),
(4, 'White', 1, 'Apple', 1968),
(5, 'Let It Be', 1, 'Apple', 1970),
(6, 'Anthology 2', 1, 'Apple', 1996),
(7, 'Ringo', 2, 'Apple', 1973),
(8, 'Fresh Cream', 3, 'ATCO', 1966),
(9, 'Imagine', 5, 'Apple', 1971),
(10, 'Layla and Other Assorted Love Songs', 6, 'ATCO', 1971),
(11, 'Thriller', 9, 'CBS', 1982),
(12, 'Off The Wall', 9, 'CBS', 1979),
(13, 'Van Halen', 10, 'WB', 1978),
(14, 'Physical Graffiti', 12, 'Swan Song', 1975),
(15, 'It''s Hard', 14, 'Polydor', 1982),
(16, 'Long Player', 13, 'WB', 1971),
(17, 'Heroes', 11, 'RCA', 1977),
(18, 'Young Americans', 11, 'RCA', 1975),
(19, 'The Joshua Tree', 15, 'Island', 1987),
(20, 'Some Girls', 4, 'Rolling Stone', 1978),
(21, 'Alchemy', 19, 'Vertigo', 1984),
(22, 'Planet Waves', 20, 'Asylum', 1974),
(23, 'Rotogravure', 2, 'Polydor', 1976),
(24, 'Better Days', 18, 'EMI', 1991),
(25, 'Blaze of Glory', 16, 'Polygram', 1990),
(26, 'Station to Station', 11, 'RCA', 1976),
(27, 'Band on the Run', 7, 'Apple', 1974),
(28, 'Volume One', 21, 'Atlantic', 1984),
(29, 'Born to Run', 17, 'CBS', 1975),
(30, 'Twentieth Century', 8, 'Mushroom', 1984),
(31, 'Freight Train Heart', 22, 'Mushroom', 1987),
(32, 'Who''s Next', 14, 'Decca', 1971),
(33, 'Emotional Rescue', 4, NULL, NULL),
(34, 'A Bigger Bang', 4, NULL, NULL),
(35, 'Extraordinary Machine', 23, NULL, NULL),
(36, 'Poses', 24, NULL, NULL),
(37, 'Silver & Gold', 25, NULL, NULL),
(38, 'Rufus Wainwright', 24, NULL, NULL),
(39, 'Time Out of Mind', 20, NULL, NULL),
(40, 'When the pawn hits the conflicts ...', 23, NULL, NULL),
(41, 'Bridges to Babylon', 4, NULL, NULL),
(42, 'I Just Wasn''t Made for These Times', 26, NULL, NULL),
(43, 'Whatever', 27, NULL, NULL),
(44, 'Nomads Indians Saints', 28, NULL, NULL),
(45, 'A Momentary Lapse of Reason', 29, NULL, NULL),
(46, 'Empire Burlesque', 20, NULL, NULL),
(47, 'Shot of Love', 20, NULL, NULL),
(48, 'Saved', 20, NULL, NULL),
(49, 'Today', 30, 'Bmg Japan', 1975),
(50, 'Good Stuff', 31, 'Warner Bros. Records', 1992),
(51, 'From the Choirgirl Hotel', 32, 'Atlantic Records', 1998),
(52, 'Want Two', 24, 'Dreamworks', 2003),
(53, 'Neil Young', 25, 'Reprise Records', 1968),
(54, 'Raised on Rock', 30, 'BMG', 1973),
(55, 'Moody Blue', 30, 'RCA Records', 1977),
(56, 'From Elvis Presley Boulevard, Memphis, Tennessee', 30, NULL, 1976),
(57, 'Promised Land', 30, 'RCA Victor Europe', 1975),
(58, 'Good Times', 30, NULL, 1974),
(59, 'Elvis (The Fool Album)', 30, 'RCA Records', 1973),
(60, 'He Touched Me', 30, 'Bmg / Elvis', 1972),
(61, 'Elvis Now', 30, NULL, 1972),
(62, 'Elvis Sings ""The Wonderful World of Christmas""', 30, 'Phantom Sound & Vision', 1971),
(63, 'Love Letters from Elvis', 30, NULL, 1971),
(64, 'Elvis Country (I''m 10,000 Years Old', 30, 'RCA Records', 1971),
(65, 'Back in Memphis', 30, 'Camden', 1970),
(66, 'From Elvis in Memphis', 30, 'Bmg / Elvis', 1969),
(67, 'How Great Thou Art', 30, 'Bmg / Elvis', 1967),
(68, 'Pot Luck with Elvis', 30, 'RCA Victor Europe', 1962),
(69, 'Something for Everybody', 30, 'RCA Victor Europe', 1961),
(70, 'Elvis Is Back!', 30, 'RCA Records', 1960),
(71, 'His Hand in Mine!', 30, 'Bmg / Elvis', 1960),
(72, 'Elvis'' Christmas Album', 30, 'RCA Records', 1957),
(73, 'Elvis', 30, 'Bmg / Elvis', 1956),
(74, 'Elvis Presley', 30, 'RCA Victor Europe', 1956),
(75, 'Voodoo Lounge', 4, NULL, NULL),
(76, 'Steel Wheels', 4, NULL, NULL),
(77, 'Dirty Work', 4, NULL, NULL),
(78, 'Undercover', 4, NULL, NULL),
(79, 'Tattoo You', 4, NULL, NULL),
(80, 'Black and Blue', 4, NULL, NULL),
(81, 'Goats Head Soup', 4, NULL, NULL),
(82, 'Sticky Fingers', 4, 'Virgin Records', 1971),
(83, 'Flowers', 4, NULL, NULL),
(84, 'Between the Buttons', 4, NULL, NULL),
(85, 'Aftermath', 4, NULL, NULL),
(86, 'December''s Children (And Everybody''s)', 4, NULL, NULL),
(87, 'Out of Our Heads', 4, NULL, NULL),
(88, '12 X 5', 4, NULL, NULL),
(89, 'Rolling Stones No 2', 4, NULL, NULL),
(90, 'The Rolling Stones (England''s Newest Hitmakers)', 4, NULL, NULL),
(91, 'Beggar''s Banquet)', 4, NULL, 1968);

-- --------------------------------------------------------

--
-- 表的结构 `artist`
--

CREATE TABLE IF NOT EXISTS `artist` (
  `artist_id` int(2) NOT NULL,
  `name` char(40) DEFAULT NULL,
  PRIMARY KEY (`artist_id`)
) ENGINE=MyISAM DEFAULT CHARSET=latin1;

--
-- 转存表中的数据 `artist`
--

INSERT INTO `artist` (`artist_id`, `name`) VALUES
(1, 'Beatles'),
(2, 'Ringo Starr'),
(3, 'Cream'),
(4, 'Rolling Stones'),
(5, 'John Lennon'),
(6, 'Derek and the Dominos'),
(7, 'Wings'),
(8, 'Cold Chisel'),
(9, 'Michael Jackson'),
(10, 'Van Halen'),
(11, 'David Bowie'),
(12, 'Led Zeppelin'),
(13, 'Faces'),
(14, 'Who'),
(15, 'U2'),
(16, 'Jon Bon Jovi'),
(17, 'Bruce Springsteen'),
(18, 'Southside Johnny and the Asbury Jukes'),
(19, 'Dire Straits'),
(20, 'Bob Dylan'),
(21, 'Honeydrippers'),
(22, 'Jimmy Barnes'),
(23, 'Fiona Apple'),
(24, 'Rufus Wainwright'),
(25, 'Neil Young'),
(26, 'Brian Wilson'),
(27, 'Aimee Mann'),
(28, 'Indigo Girls'),
(29, 'Pink Floyd'),
(30, 'Elvis Presley'),
(31, 'The B-52''s'),
(32, 'Tori Amos'),
(33, 'Madonna');

-- --------------------------------------------------------

--
-- 表的结构 `gig`
--

CREATE TABLE IF NOT EXISTS `gig` (
  `album_id` int(2) NOT NULL DEFAULT '0',
  `musician_id` int(3) NOT NULL DEFAULT '0',
  PRIMARY KEY (`album_id`,`musician_id`),
  KEY `musician_id` (`musician_id`)
) ENGINE=MyISAM DEFAULT CHARSET=latin1;

--
-- 转存表中的数据 `gig`
--

INSERT INTO `gig` (`album_id`, `musician_id`) VALUES
(1, 6),
(1, 7),
(1, 8),
(1, 9),
(1, 10),
(1, 14),
(1, 28),
(1, 29),
(1, 30),
(1, 31),
(1, 32),
(1, 34),
(2, 5),
(2, 6),
(2, 7),
(2, 8),
(2, 9),
(2, 10),
(2, 12),
(2, 14),
(2, 15),
(2, 71),
(2, 214),
(2, 215),
(2, 216),
(2, 217),
(2, 218),
(2, 219),
(2, 220),
(2, 221),
(2, 222),
(2, 223),
(2, 286),
(3, 6),
(3, 7),
(3, 8),
(3, 9),
(3, 10),
(3, 11),
(3, 12),
(3, 13),
(3, 14),
(3, 15),
(3, 16),
(3, 17),
(3, 18),
(3, 20),
(3, 21),
(3, 22),
(3, 23),
(3, 24),
(3, 25),
(3, 26),
(3, 52),
(4, 1),
(4, 2),
(4, 3),
(4, 4),
(4, 27),
(4, 54),
(5, 1),
(5, 2),
(5, 3),
(5, 4),
(5, 16),
(5, 54),
(6, 1),
(6, 2),
(6, 3),
(6, 4),
(6, 5),
(6, 54),
(7, 1),
(7, 2),
(7, 3),
(7, 4),
(7, 12),
(7, 15),
(7, 16),
(7, 40),
(7, 46),
(7, 55),
(7, 56),
(7, 57),
(7, 58),
(7, 59),
(7, 61),
(7, 62),
(7, 63),
(7, 64),
(7, 65),
(7, 66),
(7, 67),
(7, 68),
(7, 69),
(7, 70),
(7, 71),
(7, 72),
(7, 73),
(7, 74),
(7, 212),
(8, 27),
(8, 37),
(8, 38),
(9, 2),
(9, 4),
(9, 15),
(9, 39),
(9, 40),
(9, 41),
(9, 42),
(9, 43),
(9, 44),
(9, 45),
(9, 46),
(9, 47),
(9, 48),
(9, 49),
(9, 50),
(9, 51),
(9, 53),
(10, 27),
(10, 48),
(10, 76),
(10, 77),
(10, 78),
(11, 3),
(11, 79),
(11, 80),
(12, 79),
(13, 80),
(13, 81),
(13, 82),
(13, 83),
(14, 85),
(14, 86),
(14, 87),
(14, 88),
(15, 28),
(15, 89),
(15, 90),
(15, 91),
(16, 12),
(16, 19),
(16, 28),
(16, 35),
(16, 111),
(16, 112),
(16, 213),
(17, 88),
(17, 113),
(17, 114),
(17, 115),
(17, 116),
(17, 119),
(17, 137),
(17, 211),
(18, 2),
(18, 34),
(18, 88),
(18, 113),
(18, 114),
(18, 117),
(18, 118),
(18, 120),
(18, 121),
(18, 122),
(18, 123),
(18, 124),
(18, 125),
(18, 126),
(18, 127),
(18, 128),
(18, 129),
(18, 130),
(18, 131),
(18, 132),
(19, 133),
(19, 134),
(19, 135),
(19, 136),
(19, 137),
(19, 138),
(20, 6),
(20, 7),
(20, 9),
(20, 10),
(20, 19),
(20, 33),
(20, 35),
(20, 36),
(21, 92),
(22, 36),
(22, 58),
(22, 68),
(22, 69),
(22, 70),
(22, 75),
(22, 105),
(22, 106),
(22, 107),
(22, 108),
(22, 109),
(22, 110),
(22, 175),
(23, 1),
(23, 3),
(23, 23),
(23, 27),
(23, 40),
(23, 46),
(23, 58),
(23, 59),
(23, 61),
(23, 93),
(23, 94),
(23, 95),
(23, 96),
(23, 97),
(23, 98),
(23, 99),
(23, 100),
(23, 101),
(23, 102),
(23, 103),
(23, 104),
(24, 139),
(24, 140),
(24, 141),
(24, 142),
(24, 143),
(24, 144),
(24, 145),
(24, 146),
(25, 145),
(26, 88),
(26, 113),
(26, 114),
(26, 115),
(26, 127),
(26, 165),
(26, 166),
(27, 3),
(27, 61),
(27, 162),
(27, 210),
(28, 84),
(28, 85),
(28, 147),
(28, 163),
(29, 121),
(29, 140),
(29, 141),
(29, 143),
(29, 146),
(29, 164),
(29, 165),
(29, 167),
(29, 168),
(29, 169),
(29, 170),
(29, 171),
(29, 172),
(29, 173),
(29, 174),
(30, 17),
(30, 177),
(30, 178),
(30, 179),
(30, 180),
(30, 181),
(30, 182),
(30, 183),
(30, 184),
(30, 185),
(30, 186),
(30, 187),
(31, 17),
(31, 149),
(31, 177),
(31, 188),
(31, 189),
(31, 190),
(31, 191),
(31, 192),
(31, 193),
(31, 194),
(31, 195),
(31, 196),
(31, 197),
(31, 198),
(31, 199),
(31, 200),
(31, 201),
(31, 202),
(31, 203),
(31, 204),
(31, 205),
(31, 206),
(31, 207),
(31, 208),
(31, 209),
(32, 89),
(32, 90),
(32, 91),
(32, 176),
(33, 33),
(35, 46),
(36, 46),
(37, 46),
(38, 46),
(39, 46),
(40, 46),
(41, 46),
(42, 46),
(43, 46),
(44, 46),
(45, 46),
(46, 46),
(47, 46),
(48, 46),
(49, 48),
(50, 49),
(52, 58),
(53, 71),
(54, 73),
(54, 224),
(54, 225),
(54, 227),
(54, 228),
(54, 229),
(54, 230),
(54, 231),
(54, 232),
(54, 233),
(54, 234),
(54, 235),
(54, 236),
(54, 237),
(54, 238),
(54, 239),
(54, 240),
(54, 241),
(54, 242),
(54, 243),
(57, 224),
(57, 225),
(57, 226),
(57, 227),
(57, 228),
(61, 224),
(61, 244),
(61, 245),
(61, 246),
(62, 224),
(62, 245),
(63, 224),
(63, 244),
(63, 245),
(63, 246),
(63, 247),
(64, 224),
(64, 245),
(64, 248),
(64, 249),
(64, 250),
(64, 267),
(64, 268),
(65, 224),
(65, 226),
(65, 231),
(65, 232),
(65, 241),
(65, 243),
(65, 251),
(65, 252),
(65, 253),
(65, 254),
(65, 255),
(65, 256),
(65, 257),
(65, 258),
(65, 259),
(65, 260),
(65, 261),
(65, 262),
(65, 263),
(65, 264),
(65, 265),
(65, 266),
(68, 224),
(68, 267),
(68, 268),
(70, 224),
(70, 233),
(70, 267),
(70, 268),
(70, 269),
(70, 270),
(70, 271),
(70, 272),
(70, 273),
(70, 274),
(70, 275),
(70, 276),
(70, 277),
(70, 278),
(74, 224),
(74, 230),
(74, 244),
(74, 271),
(74, 272),
(74, 273),
(74, 278),
(74, 279),
(74, 280),
(74, 281),
(74, 282),
(74, 283),
(74, 284),
(74, 285),
(82, 6),
(82, 7),
(82, 8),
(82, 9),
(82, 10),
(82, 11),
(82, 12),
(82, 13),
(82, 14),
(82, 15),
(82, 16),
(82, 90),
(82, 111),
(82, 214),
(82, 215),
(82, 222),
(82, 286),
(82, 288),
(82, 289);

-- --------------------------------------------------------

--
-- 表的结构 `musician`
--

CREATE TABLE IF NOT EXISTS `musician` (
  `musician_id` int(3) NOT NULL,
  `family_name` char(20) DEFAULT NULL,
  `given_name` char(20) DEFAULT NULL,
  `birth_date` date DEFAULT NULL,
  `birth_country` char(15) DEFAULT NULL,
  `death_date` date DEFAULT NULL,
  `death_country` char(15) DEFAULT NULL,
  PRIMARY KEY (`musician_id`)
) ENGINE=MyISAM DEFAULT CHARSET=latin1;

--
-- 转存表中的数据 `musician`
--

INSERT INTO `musician` (`musician_id`, `family_name`, `given_name`, `birth_date`, `birth_country`, `death_date`, `death_country`) VALUES
(1, 'STARR', 'Ringo', '1940-07-07', 'England', NULL, NULL),
(2, 'LENNON', 'John', '1940-10-09', 'England', '1980-11-08', 'USA'),
(3, 'MCCARTNEY', 'Paul', '1942-06-18', 'England', NULL, NULL),
(4, 'HARRISON', 'George', '1943-02-25', 'England', '2001-11-29', 'USA'),
(5, 'JONES', 'Brian', '1942-02-28', 'England', '1969-07-03', 'England'),
(6, 'JAGGER', 'Mick', '1943-07-26', 'England', NULL, NULL),
(7, 'RICHARDS', 'Keith', '1943-12-18', 'England', NULL, NULL),
(8, 'STEWART', 'Ian', '1938-07-18', 'England', '1985-12-12', 'England'),
(9, 'WATTS', 'Charlie', '1941-06-02', 'England', NULL, NULL),
(10, 'WYMAN', 'Bill', '1936-10-24', 'England', NULL, NULL),
(11, 'PRICE', 'Jim', NULL, 'USA', NULL, NULL),
(12, 'KEYS/KEYES', 'Bobby', '1943-12-18', 'USA', NULL, NULL),
(13, 'DICKINSON', 'Jim', '0000-00-00', 'USA', NULL, NULL),
(14, 'TAYLOR', 'Mick', '1949-01-17', 'England', NULL, NULL),
(15, 'HOPKINS', 'Nicky', '1944-02-24', 'England', '1994-09-06', 'USA'),
(16, 'PRESTON', 'Billy', '1946-09-02', 'USA', '2006-06-06', 'USA'),
(17, 'FIELDS', 'Vanetta', NULL, 'USA', NULL, NULL),
(18, 'KING', 'Clydie', '1943-08-21', 'USA', NULL, NULL),
(19, 'WOOD', 'Ron', '1947-06-01', 'England', NULL, NULL),
(20, 'KIRKLAND', 'Jesse', NULL, NULL, NULL, NULL),
(21, 'LYNN', 'Tami/Tammy/Tammi/Tam', '1942-00-00', 'USA', NULL, NULL),
(22, 'GOODMAN', 'Shirley', '1936-06-19', 'USA', '2005-07-05', 'USA'),
(23, NULL, 'Dr John', '1940-11-21', 'USA', NULL, NULL),
(24, 'GREEN', 'Joe', NULL, NULL, NULL, NULL),
(25, 'MCDONALD', 'Kathi', '1948-09-25', 'USA', NULL, NULL),
(26, 'PLUMMER', 'Bill', NULL, NULL, NULL, NULL),
(27, 'CLAPTON', 'Eric', '1945-03-30', 'England', NULL, NULL),
(28, 'JONES', 'Kenney', '1948-09-16', 'England', NULL, NULL),
(29, 'COOPER', 'Ray', '1942-08-19', 'England', NULL, NULL),
(30, 'Blue Magic', NULL, NULL, NULL, NULL, NULL),
(31, 'KUNJAPPU', 'Charlie Jolly', NULL, NULL, NULL, NULL),
(32, 'LEACH', 'Ed', NULL, NULL, NULL, NULL),
(33, 'BLUE', 'Sugar', '1950-00-00', 'USA', NULL, NULL),
(34, 'WEEKS', 'Willy', '1947-00-00', 'USA', NULL, NULL),
(35, 'MACLAGAN', 'Ian', '1945-05-12', 'England', NULL, NULL),
(36, 'COLLINS', 'Mel', '1947-09-05', 'England', NULL, NULL),
(37, 'BRUCE', 'Jack', '1943-05-14', 'Scotland', NULL, NULL),
(38, 'BAKER', 'Ginger', '1939-08-19', 'England', NULL, NULL),
(39, 'ONO', 'Yoko', '1933-02-18', 'Japan', NULL, NULL),
(40, 'VOORMANN', 'Klaus', '1938-04-29', 'Germany', NULL, NULL),
(41, 'BRENDELL', 'Steve', NULL, NULL, NULL, NULL),
(42, 'WHITE', 'Alan', '1949-06-19', 'England', NULL, NULL),
(43, 'TURNER', 'Ted', '1950-08-02', 'England', NULL, NULL),
(44, 'LINTON', 'Rod', NULL, NULL, NULL, NULL),
(45, 'TOUT', 'John', NULL, NULL, NULL, NULL),
(46, 'KELTNER', 'Jim', '1942-04-27', 'USA', NULL, NULL),
(47, 'BARHAM', 'John', NULL, 'England', NULL, NULL),
(48, 'GORDON', 'Jim', '1945-07-14', 'USA', NULL, NULL),
(49, 'OUSLEY', 'Curtis (King Cutis)', '1934-02-07', 'USA', '1971-08-13', 'USA'),
(50, 'EVANS', 'Tom', '1947-06-05', 'England', '1983-11-19', 'England'),
(51, 'MOLLAND', 'Joey', '1947-06-21', 'England', NULL, NULL),
(52, 'PERKINS', 'Al', '1944-01-18', 'USA', NULL, NULL),
(53, 'PINDER', 'Mike', '1941-12-27', 'England', NULL, NULL),
(54, 'MARTIN', 'George', '1926-01-03', 'England', NULL, NULL),
(55, 'HOLLAND', 'Milt', '1917-02-07', 'USA', '2005-11-04', 'USA'),
(56, 'VAN EATON', 'Lon', NULL, NULL, NULL, NULL),
(57, 'VAN EATON', 'Derrek', NULL, NULL, NULL, NULL),
(58, 'HELM', 'Levon', '1940-05-26', 'USA', NULL, NULL),
(59, 'NILSSON', 'Harry', '1941-06-15', 'USA', '1994-01-15', 'USA'),
(60, 'REEVES', 'Martha', '1941-07-18', 'USA', NULL, NULL),
(61, 'MCCARTNEY', 'Linda', '1942-09-24', 'USA', '1998-04-17', 'USA'),
(62, 'PERRY', 'Richard', '1942-06-18', 'USA', NULL, NULL),
(63, 'BOLAN', 'Marc', '1947-09-30', 'England', '1977-09-16', 'England'),
(64, 'SCOTT', 'Tom', '1948-05-19', 'USA', NULL, NULL),
(65, 'PONCIA', 'Vini', '1942-04-29', 'USA', NULL, NULL),
(66, 'BOOKER', 'James', '1939-12-17', 'USA', '1983-11-08', 'USA'),
(67, 'CALVERT', 'Jimmy', NULL, NULL, NULL, NULL),
(68, 'ROBERTSON', 'Robbie', '1943-07-05', 'Canada', NULL, NULL),
(69, 'DANKO', 'Rick', '1943-12-29', 'Canada', '1999-12-10', 'USA'),
(70, 'HUDSON', 'Garth', '1937-08-02', 'Canada', NULL, NULL),
(71, 'CLAYTON', 'Merry', '1948-12-05', 'USA', NULL, NULL),
(72, 'CROPPER', 'Steve', '1941-10-21', 'USA', NULL, NULL),
(73, 'HENSLEY', 'Tom', NULL, NULL, NULL, NULL),
(74, 'FINDLEY', 'Chuck', '1947-12-13', 'USA', NULL, NULL),
(75, 'DYLAN', 'Bob', '1941-05-24', 'USA', NULL, NULL),
(76, 'RADLE', 'Carl', '1942-06-18', 'USA', '1980-05-30', 'USA'),
(77, 'WHITLOCK', 'Bobby', '1948-03-18', 'USA', NULL, NULL),
(78, 'ALLMAN', 'Duane', '1946-11-20', 'USA', '1971-10-29', 'USA'),
(79, 'JACKSON', 'Michael', '1958-08-29', 'USA', '2009-06-25', 'USA'),
(80, 'VAN HALEN', 'Eddie', '1957-01-26', 'Netherlands', NULL, NULL),
(81, 'VAN HALEN', 'Alex', '1953-05-08', 'Netherlands', NULL, NULL),
(82, 'ANTHONY', 'Mike/Michael', '1954-06-20', 'USA', NULL, NULL),
(83, 'ROTH', 'David Lee', '1955-10-10', 'USA', NULL, NULL),
(84, 'PLANT', 'Robert', '1948-08-20', 'England', NULL, NULL),
(85, 'PAGE', 'Jimmy', '1944-01-09', 'England', NULL, NULL),
(86, 'JONES', 'John Paul', '1946-02-03', 'England', NULL, NULL),
(87, 'BONHAM', 'John', '1948-05-31', 'England', '1980-09-25', 'England'),
(88, 'BOWIE', 'David', '1947-01-08', 'England', NULL, NULL),
(89, 'DALTREY', 'Roger', '1944-03-01', 'England', NULL, NULL),
(90, 'TOWNSHEND', 'Pete', '1945-05-19', 'England', NULL, NULL),
(91, 'ENTWISTLE', 'John', '1944-10-09', 'England', '2002-06-27', 'USA'),
(92, 'KNOPFLER', 'Mark', '1949-08-12', 'Scotland', NULL, NULL),
(93, 'DAVIS', 'Jesse Ed', '1944-09-21', 'USA', '1988-06-22', 'USA'),
(94, 'PARKS', 'Van Dyke', '1943-01-03', 'USA', NULL, NULL),
(95, 'ESPOSITO', 'Joe', NULL, NULL, NULL, NULL),
(96, 'KLEINOW', 'Peter E. (Sneaky Pet', '1934-08-20', 'USA', '2002-01-06', 'USA'),
(97, 'GREENIDGE', 'Robert', '1950-04-28', 'Trinidad', NULL, NULL),
(98, 'JARVIS', 'John', NULL, NULL, NULL, NULL),
(99, 'LOPRESTI', 'John Cooker', NULL, NULL, NULL, NULL),
(100, 'HELMER', 'Susan Duitch', NULL, NULL, NULL, NULL),
(101, 'STALLWORTH', 'Paul', NULL, NULL, NULL, NULL),
(102, 'KORTCHMAR', 'Danny', '1946-04-06', 'USA', NULL, NULL),
(103, 'FRAMPTON', 'Peter', '1950-04-22', 'England', NULL, NULL),
(104, 'MANCHESTER', 'Melissa', '1951-02-15', 'USA', NULL, NULL),
(105, 'ILLSLEY', 'John', '1949-06-24', 'England', NULL, NULL),
(106, 'CLARK', 'Alan', '1952-03-05', 'England', NULL, NULL),
(107, 'LINDES', 'Hal', '1953-06-30', 'USA', NULL, NULL),
(108, 'WILLIAMS', 'Terry', '1948-01-11', 'Wales', NULL, NULL),
(109, 'MANDEL', 'Tommy', '1949-06-02', 'USA', NULL, NULL),
(110, 'DE KORTE', 'Joop', NULL, NULL, NULL, NULL),
(111, 'LANE', 'Ronnie', '1946-04-01', 'USA', '1997-06-04', 'USA'),
(112, 'STEWART', 'Rod', '1945-01-10', 'England', NULL, NULL),
(113, 'ALOMAR', 'Carlos', '1951-05-07', 'Puerto Rico', NULL, NULL),
(114, 'DAVIES', 'Dennis', NULL, 'USA', NULL, NULL),
(115, 'MURRAY', 'George', NULL, 'USA', NULL, NULL),
(116, 'FRIPP', 'Robert', '1046-05-16', 'England', NULL, NULL),
(117, 'SUMLER', 'Diane', NULL, NULL, NULL, NULL),
(118, 'VANDROSS', 'Luther', '1951-04-20', 'USA', '2005-07-01', 'USA'),
(119, 'MAASS', 'Antonia', NULL, NULL, NULL, NULL),
(120, 'NEWMARK', 'Andy', '1950-07-14', 'USA', NULL, NULL),
(121, 'SANBORN', 'David', '1945-07-30', 'USA', NULL, NULL),
(122, 'WASHINGTON', 'Larry', NULL, NULL, NULL, NULL),
(123, 'CHERRY', 'Ava', NULL, NULL, NULL, NULL),
(124, 'HINTON', 'Anthony', NULL, NULL, NULL, NULL),
(125, 'CLARK', 'Robin', NULL, NULL, NULL, NULL),
(126, 'KSASAN', 'Emir', NULL, NULL, NULL, NULL),
(127, 'SLICK', 'Earl', '1952-10-01', 'USA', NULL, NULL),
(128, 'MCDONALD', 'Ralph', '1944-00-00', 'USA', NULL, NULL),
(129, 'FINEBERG', 'Jean', NULL, NULL, NULL, NULL),
(130, 'MILLINGTON', 'Jean', NULL, NULL, NULL, NULL),
(131, 'GARSON', 'Mike/Michael', '1945-07-29', 'USA', NULL, NULL),
(132, 'ROSARIO', 'Pablo', NULL, NULL, NULL, NULL),
(133, 'HEWSON', 'Paul David (Bono Vox', '1960-05-10', 'Ireland', NULL, NULL),
(134, 'EVANS', 'David Howell (The Ed', '1961-08-08', 'England', NULL, NULL),
(135, 'CLAYTON', 'Adam', '1960-03-13', 'England', NULL, NULL),
(136, 'MULLEN Jr', 'Larry', '1961-10-31', 'Ireland', NULL, NULL),
(137, 'ENO', 'Brian', '1948-05-15', 'England', NULL, NULL),
(138, 'LANOIS', 'Daniel', '1951-09-19', 'Canada', NULL, NULL),
(139, 'LYON', 'John (Southside John', '1948-12-04', 'USA', NULL, NULL),
(140, 'WEINBERG', 'Max', '1951-04-13', 'USA', NULL, NULL),
(141, 'TALLENT', 'Garry', '1949-10-27', 'USA', NULL, NULL),
(142, 'CLOUD', 'Rusty', NULL, NULL, NULL, NULL),
(143, 'VAN ZANDT', 'Steve', '1950-11-22', 'USA', NULL, NULL),
(144, 'BANDIERA', 'Bobby', '1952-10-26', 'USA', NULL, NULL),
(145, 'BON JOVI', 'Jon', '1962-03-02', 'USA', NULL, NULL),
(146, 'SPRINGSTEEN', 'Bruce', '1949-09-23', 'USA', NULL, NULL),
(147, 'BECK', 'Jeff', '1944-06-24', 'England', NULL, NULL),
(148, 'ARONOFF', 'Kenny', '1953-03-07', 'USA', NULL, NULL),
(149, 'JACKSON', 'Randy', '1956-06-23', 'USA', NULL, NULL),
(150, 'JOHN', 'Elton', '1947-03-25', 'England', NULL, NULL),
(151, 'TENCH', 'Benmont', '1953-09-07', 'USA', NULL, NULL),
(152, 'NOVA', 'Aldo', '1956-11-13', 'Canada', NULL, NULL),
(153, 'PARLAPIANO', 'Phil', NULL, NULL, NULL, NULL),
(154, 'MATTHEWS', 'Myrna', NULL, NULL, NULL, NULL),
(155, 'WATERS', 'Julie', NULL, NULL, NULL, NULL),
(156, 'WATERS', 'Maxine', NULL, NULL, NULL, NULL),
(157, 'GLAUB', 'Bob', NULL, NULL, NULL, NULL),
(158, 'PHILLIPS', 'Lou Diamond', '1962-02-17', 'Philippines', NULL, NULL),
(159, 'CROSBY', 'Robbin', '1959-08-04', 'USA', '2002-06-06', 'USA'),
(160, 'PENNIMAM', 'Richard Wayne (Littl', '1935-12-05', 'USA', NULL, NULL),
(161, 'WATCHELL', 'Waddy', NULL, NULL, NULL, NULL),
(162, 'LAINE', 'Denny', '1944-10-29', 'England', NULL, NULL),
(163, 'RODGERS', 'Nile', '1952-09-19', 'USA', NULL, NULL),
(164, 'CLEMONS', 'Clarence', '1942-01-11', 'USA', NULL, NULL),
(165, 'BITTAN', 'Roy', '1949-07-02', 'USA', NULL, NULL),
(166, 'PEACE', 'Warren', NULL, 'England', NULL, NULL),
(167, 'FEDERICI', 'Danny', '1950-01-23', 'USA', NULL, NULL),
(168, 'SANCIOUS', 'David', '1953-11-30', 'USA', NULL, NULL),
(169, 'APPEL', 'Mike', '1942-10-27', 'USA', NULL, NULL),
(170, 'CARTER', 'Ernest ""Boom""', NULL, 'USA', NULL, NULL),
(171, 'BRECKER', 'Michael', '1949-03-29', 'USA', '2007-01-13', 'USA'),
(172, 'BRECKER', 'Randy', '1945-11-27', 'USA', NULL, NULL),
(173, 'ANDRE', 'Wayne', '1931-11-17', 'USA', '2003-08-26', 'USA'),
(174, 'DAVIS', 'Richard', NULL, NULL, NULL, NULL),
(175, 'MANUEL', 'Richard', '1943-04-03', 'Canada', '1986-03-04', 'USA'),
(176, 'MOON', 'Keith', '1946-08-23', 'England', '1978-09-07', 'England'),
(177, 'BARNES', 'Jimmy', '1956-04-28', 'Scotland', NULL, NULL),
(178, 'MOSS', 'Ian', '1953-03-22', 'Australia', NULL, NULL),
(179, 'WALKER', 'Don', '1951-11-29', 'Australia', NULL, NULL),
(180, 'SMALL', 'Phil', NULL, 'Australia', NULL, NULL),
(181, 'PRESTWICH', 'Steven', NULL, NULL, NULL, NULL),
(182, 'ARNOTT', 'Ray', NULL, 'Australia', NULL, NULL),
(183, 'BIDSTRUP', 'Graham', '0000-08-30', 'Australia', NULL, NULL),
(184, 'BLIGHT', 'David', NULL, NULL, NULL, NULL),
(185, 'RODGERS', 'Billy', NULL, NULL, NULL, NULL),
(186, 'HOFFMAN', 'John', NULL, NULL, NULL, NULL),
(187, 'WILLIAMS', 'Megan', '1956-09-11', 'England', '2000-04-17', 'Australia'),
(188, 'BROCK', 'Tony', '1954-03-31', 'England', NULL, NULL),
(189, 'CAIN', 'Jonathan', '1950-02-26', 'USA', NULL, NULL),
(190, 'SCHON', 'Neal', '1954-02-27', 'USA', NULL, NULL),
(191, 'BREWSTER', 'Rick', NULL, 'Australia', NULL, NULL),
(192, 'LEWIS', 'Huey', '1950-07-05', 'USA', NULL, NULL),
(193, 'DIESEL', 'Johnny', '1966-05-31', 'USA', NULL, NULL),
(194, 'MURPHY', 'Shawn', NULL, NULL, NULL, NULL),
(195, 'HAWKINS', 'Walter', '1949-05-18', 'USA', NULL, NULL),
(196, 'STEPHENS', 'Lynette', NULL, NULL, NULL, NULL),
(197, 'HILBURN', 'Jim', NULL, NULL, NULL, NULL),
(198, 'KEKELL', 'Peter', NULL, NULL, NULL, NULL),
(199, 'LINDLEY', 'David', '1949-05-18', 'USA', NULL, NULL),
(200, 'AMATO', 'David', NULL, 'USA', NULL, NULL),
(201, 'EILSLEY', 'David Glen', NULL, NULL, NULL, NULL),
(202, 'MAROTTA', 'Jerry', '1956-02-06', 'USA', NULL, NULL),
(203, 'GLASSMAN', 'Seth', NULL, NULL, NULL, NULL),
(204, 'MCCURRY', 'John', NULL, NULL, NULL, NULL),
(205, 'MANGIAFICO', 'Gregg', NULL, NULL, NULL, NULL),
(206, 'KENTIS', 'Chuck', NULL, NULL, NULL, NULL),
(207, 'MATHEWS', 'Wendy', NULL, NULL, NULL, NULL),
(208, 'FARRIS', 'Jon', NULL, NULL, NULL, NULL),
(209, 'BAILEY', 'Chris', NULL, NULL, NULL, NULL),
(210, 'CASEY', 'Howie', NULL, NULL, NULL, NULL),
(211, 'VISCONTI', 'Tony', '1944-04-24', 'USA', NULL, NULL),
(212, 'BROMBERG', 'David', NULL, NULL, NULL, NULL),
(213, 'BECKETT', 'Harry', NULL, NULL, NULL, NULL),
(214, 'MILLER', 'Jimmy', NULL, NULL, NULL, NULL),
(215, 'COODER', 'Ry', '1947-03-15', 'USA', NULL, NULL),
(216, 'WORKMAN/NEWMAN', 'Nanette', '1945-11-20', 'USA', NULL, NULL),
(217, 'BERLINE', 'Byron', NULL, NULL, NULL, NULL),
(218, 'RUSSELL', 'Leon', '1942-04-02', 'USA', NULL, NULL),
(219, 'KOOPER', 'Al', '1944-02-05', 'USA', NULL, NULL),
(220, 'BELL', 'Madelaine', NULL, NULL, NULL, NULL),
(221, 'TROY', 'Doris', NULL, NULL, NULL, NULL),
(222, 'DIJON', 'Rocky', NULL, NULL, NULL, NULL),
(223, 'London Bach Choir', NULL, NULL, NULL, NULL, NULL),
(224, 'PRESLEY', 'Elvis', '1935-01-08', 'USA', '1977-08-16', 'USA'),
(225, 'SUMNER', 'J.D.', NULL, NULL, NULL, NULL),
(226, 'LEECH', 'Mike', NULL, NULL, NULL, NULL),
(227, 'The Stamps', NULL, NULL, NULL, NULL, NULL),
(228, 'The Voice', NULL, NULL, NULL, NULL, NULL),
(229, 'JACKSON, Jr', 'Al', NULL, NULL, NULL, NULL),
(230, 'LACEY', 'Bill', NULL, NULL, NULL, NULL),
(231, 'EMMONS', 'Bobby', NULL, NULL, NULL, NULL),
(232, 'WOOD', 'Bobby', NULL, NULL, NULL, NULL),
(233, 'HODGE', 'Charlie', NULL, NULL, NULL, NULL),
(234, 'DUNN', 'Donald ""Duck""', NULL, NULL, NULL, NULL),
(235, 'SPREEN', 'Glen', NULL, NULL, NULL, NULL),
(236, 'BURTON', 'James', NULL, NULL, NULL, NULL),
(237, 'CARRIGAN', 'Jerry', NULL, NULL, NULL, NULL),
(238, 'WESTMORELAND', 'Kathy', NULL, NULL, NULL, NULL),
(239, NULL, 'Manuel', NULL, NULL, NULL, NULL),
(240, 'HOLLIDAY', 'Mary', NULL, NULL, NULL, NULL),
(241, 'YOUNG', 'Reggie', NULL, NULL, NULL, NULL),
(242, 'TUTT', 'Ron', NULL, NULL, NULL, NULL),
(243, 'COGBILL', 'Tommy', NULL, NULL, NULL, NULL),
(244, 'CRUMPACKER', 'chick', NULL, NULL, NULL, NULL),
(245, 'The Imperials Quarte', NULL, NULL, NULL, NULL, NULL),
(246, 'The Nashville Editio', NULL, NULL, NULL, NULL, NULL),
(247, 'The Jordanaires', NULL, NULL, NULL, NULL, NULL),
(248, 'WHITE', 'Bergen', NULL, NULL, NULL, NULL),
(249, 'MULLINS', 'Cam', NULL, NULL, NULL, NULL),
(250, 'TWEEDY', 'Don', NULL, NULL, NULL, NULL),
(251, 'EDGIN', 'Dolores', NULL, NULL, NULL, NULL),
(252, 'THATCHER', 'Donna', NULL, NULL, NULL, NULL),
(253, 'HOLLIS', 'Ed', NULL, NULL, NULL, NULL),
(254, 'KOLLIS', 'Ed', NULL, NULL, NULL, NULL),
(255, 'CHRISMAN', 'Gene', NULL, NULL, NULL, NULL),
(256, 'WIGINTON', 'Hurshel', NULL, NULL, NULL, NULL),
(257, 'BABCOCK', 'Joe', NULL, NULL, NULL, NULL),
(258, 'HUGHEY', 'John', NULL, NULL, NULL, NULL),
(259, 'GREENE', 'Mary', NULL, NULL, NULL, NULL),
(260, 'HOLLADAY', 'Mary', NULL, NULL, NULL, NULL),
(261, 'GREENE', 'Merry', NULL, NULL, NULL, NULL),
(262, 'KIRKHAM', 'Millie', NULL, NULL, NULL, NULL),
(263, 'POSEY', 'Sandy', NULL, NULL, NULL, NULL),
(264, 'MONTGOMERY', 'Sonja', NULL, NULL, NULL, NULL),
(265, 'PILKINGTON', 'Susan', NULL, NULL, NULL, NULL),
(266, 'The Memphis Horns', NULL, NULL, NULL, NULL, NULL),
(267, 'JORGENSEN', 'Ernst Mikael', NULL, NULL, NULL, NULL),
(268, 'SEMON', 'Roger', NULL, NULL, NULL, NULL),
(269, 'MOORE', 'Bob', NULL, NULL, NULL, NULL),
(270, 'RANDOLPH', 'Boots', '1927-06-03', 'USA', '2007-07-03', 'USA'),
(271, 'FONTANA', 'D.J.', NULL, NULL, NULL, NULL),
(272, 'CRAMER', 'Floyd', '1933-10-27', 'USA', '1997-12-31', 'USA'),
(273, 'STOKER', 'Gordon', NULL, NULL, NULL, NULL),
(274, 'GARLAND', 'Hank', '1930-11-11', 'USA', '2004-12-27', 'USA'),
(275, 'HAWKINS', 'Hoyt', NULL, NULL, NULL, NULL),
(276, 'MATTHEWS', 'Neal', NULL, NULL, NULL, NULL),
(277, 'WALKER', 'Ray C.', NULL, NULL, NULL, NULL),
(278, 'MOORE', 'Scotty', '1931-12-27', 'USA', NULL, NULL),
(279, 'SPEER', 'Ben', NULL, NULL, NULL, NULL),
(280, 'BLACK', 'Bill', NULL, NULL, NULL, NULL),
(281, 'SPEER', 'Brock', NULL, NULL, NULL, NULL),
(282, 'ATKINS', 'Chet', '1924-06-20', 'USA', '2001-06-30', 'USA'),
(283, 'FERRANTE', 'Dennis', NULL, NULL, NULL, NULL),
(284, 'BERNERO', 'Johnny', NULL, NULL, NULL, NULL),
(285, 'LONG', 'Shorty', NULL, NULL, NULL, NULL),
(286, 'NITZSCHE', 'Jack', '1937-04-22', 'USA', '2000-08-25', 'USA'),
(287, 'TAYLOR', 'Dick', '1943-01-28', 'England', NULL, NULL),
(288, 'BUCKMASTER', 'Paul', NULL, 'England', NULL, NULL),
(289, 'NICHOLLS', 'Billy', '1949-02-15', 'England', NULL, NULL);
